id,type,comat_a,comat_b,time,counts,interval,target,effect_type,effect_base,effect_upgrade,unlock_lv
1003,1,0.02,0.001,0,0,0,1,7,0.01,0.0005468,0
1004,1,0.02,0.001,0,0,0,1,9,0.015,0.0008406,0
1005,1,0.02,0.001,0,0,0,1,6,0.008,0.0004202,0
1009,1,0.02,0.001,0,0,0,1,15,0.02,0.0012152,0
1003,2,0.0312,0.001,0,0,0,1,7,0.05,0.000853008,0
1004,2,0.0312,0.001,0,0,0,1,9,0.07,0.001311336,0
1005,2,0.0312,0.001,0,0,0,1,6,0.03,0.000655512,0
1009,2,0.0312,0.001,0,0,0,1,15,0.1,0.001895712,0
